system:index,area,class,territory,year,.geo
0_7_0,0.0017857496337890626,1,15,1985,"{""type"":""MultiPoint"",""coordinates"":[]}"
0_8_0,3891.98685014265,1,16,1985,"{""type"":""MultiPoint"",""coordinates"":[]}"
0_8_1,114913.17888139494,2,16,1985,"{""type"":""MultiPoint"",""coordinates"":[]}"
0_9_0,7491.054963684992,1,17,1985,"{""type"":""MultiPoint"",""coordinates"":[]}"
0_9_1,141382.9869687284,2,17,1985,"{""type"":""MultiPoint"",""coordinates"":[]}"
0_10_0,3102.6716341163956,1,18,1985,"{""type"":""MultiPoint"",""coordinates"":[]}"
0_10_1,47651.09570074325,2,18,1985,"{""type"":""MultiPoint"",""coordinates"":[]}"
0_11_0,2823.56721970928,1,19,1985,"{""type"":""MultiPoint"",""coordinates"":[]}"
0_11_1,49541.416191823904,2,19,1985,"{""type"":""MultiPoint"",""coordinates"":[]}"
0_12_0,4813.711149180506,1,20,1985,"{""type"":""MultiPoint"",""coordinates"":[]}"
0_12_1,77786.84163482697,2,20,1985,"{""type"":""MultiPoint"",""coordinates"":[]}"
0_13_0,568.8336335770883,1,21,1985,"{""type"":""MultiPoint"",""coordinates"":[]}"
0_13_1,12647.279980470641,2,21,1985,"{""type"":""MultiPoint"",""coordinates"":[]}"
0_14_0,464.01178496191153,1,22,1985,"{""type"":""MultiPoint"",""coordinates"":[]}"
0_14_1,11681.46651905657,2,22,1985,"{""type"":""MultiPoint"",""coordinates"":[]}"
0_15_0,14887.281699342804,1,23,1985,"{""type"":""MultiPoint"",""coordinates"":[]}"
0_15_1,336559.9121706201,2,23,1985,"{""type"":""MultiPoint"",""coordinates"":[]}"
0_16_0,900.7336861827371,1,24,1985,"{""type"":""MultiPoint"",""coordinates"":[]}"
0_16_1,31742.475488862525,2,24,1985,"{""type"":""MultiPoint"",""coordinates"":[]}"
1_7_0,0.0017857496337890626,2,15,1986,"{""type"":""MultiPoint"",""coordinates"":[]}"
1_8_0,3794.2025288502423,1,16,1986,"{""type"":""MultiPoint"",""coordinates"":[]}"
1_8_1,115010.96320268733,2,16,1986,"{""type"":""MultiPoint"",""coordinates"":[]}"
1_9_0,7042.078672030463,1,17,1986,"{""type"":""MultiPoint"",""coordinates"":[]}"
1_9_1,141831.96326038247,2,17,1986,"{""type"":""MultiPoint"",""coordinates"":[]}"
1_10_0,2642.464688374009,1,18,1986,"{""type"":""MultiPoint"",""coordinates"":[]}"
1_10_1,48111.30264648508,2,18,1986,"{""type"":""MultiPoint"",""coordinates"":[]}"
1_11_0,2560.4916853173813,1,19,1986,"{""type"":""MultiPoint"",""coordinates"":[]}"
1_11_1,49804.491726217246,2,19,1986,"{""type"":""MultiPoint"",""coordinates"":[]}"
1_12_0,4363.405577853073,1,20,1986,"{""type"":""MultiPoint"",""coordinates"":[]}"
1_12_1,78237.14720615403,2,20,1986,"{""type"":""MultiPoint"",""coordinates"":[]}"
1_13_0,520.3259375198386,1,21,1986,"{""type"":""MultiPoint"",""coordinates"":[]}"
1_13_1,12695.78767652772,2,21,1986,"{""type"":""MultiPoint"",""coordinates"":[]}"
1_14_0,429.15364160693264,1,22,1986,"{""type"":""MultiPoint"",""coordinates"":[]}"
1_14_1,11716.324662411615,2,22,1986,"{""type"":""MultiPoint"",""coordinates"":[]}"
1_15_0,13379.919692307043,1,23,1986,"{""type"":""MultiPoint"",""coordinates"":[]}"
1_15_1,338067.2741776551,2,23,1986,"{""type"":""MultiPoint"",""coordinates"":[]}"
1_16_0,844.0189978851298,1,24,1986,"{""type"":""MultiPoint"",""coordinates"":[]}"
1_16_1,31799.19017715998,2,24,1986,"{""type"":""MultiPoint"",""coordinates"":[]}"
2_7_0,0.0017857496337890626,2,15,1987,"{""type"":""MultiPoint"",""coordinates"":[]}"
2_8_0,3786.532600786875,1,16,1987,"{""type"":""MultiPoint"",""coordinates"":[]}"
2_8_1,115018.6331307511,2,16,1987,"{""type"":""MultiPoint"",""coordinates"":[]}"
2_9_0,7289.613507499388,1,17,1987,"{""type"":""MultiPoint"",""coordinates"":[]}"
2_9_1,141584.42842491323,2,17,1987,"{""type"":""MultiPoint"",""coordinates"":[]}"
2_10_0,2669.8100056512208,1,18,1987,"{""type"":""MultiPoint"",""coordinates"":[]}"
2_10_1,48083.95732920825,2,18,1987,"{""type"":""MultiPoint"",""coordinates"":[]}"
2_11_0,2626.709755032015,1,19,1987,"{""type"":""MultiPoint"",""coordinates"":[]}"
2_11_1,49738.27365650314,2,19,1987,"{""type"":""MultiPoint"",""coordinates"":[]}"
2_12_0,4224.6491422012505,1,20,1987,"{""type"":""MultiPoint"",""coordinates"":[]}"
2_12_1,78375.90364180613,2,20,1987,"{""type"":""MultiPoint"",""coordinates"":[]}"
2_13_0,575.6375102239379,1,21,1987,"{""type"":""MultiPoint"",""coordinates"":[]}"
2_13_1,12640.476103824396,2,21,1987,"{""type"":""MultiPoint"",""coordinates"":[]}"
2_14_0,446.265644008481,1,22,1987,"{""type"":""MultiPoint"",""coordinates"":[]}"
2_14_1,11699.212660010215,2,22,1987,"{""type"":""MultiPoint"",""coordinates"":[]}"
2_15_0,14229.838781308805,1,23,1987,"{""type"":""MultiPoint"",""coordinates"":[]}"
2_15_1,337217.3550886528,2,23,1987,"{""type"":""MultiPoint"",""coordinates"":[]}"
2_16_0,837.1344220278929,1,24,1987,"{""type"":""MultiPoint"",""coordinates"":[]}"
2_16_1,31806.074753017423,2,24,1987,"{""type"":""MultiPoint"",""coordinates"":[]}"
3_7_0,0.0017857496337890626,2,15,1988,"{""type"":""MultiPoint"",""coordinates"":[]}"
3_8_0,4353.475091680614,1,16,1988,"{""type"":""MultiPoint"",""coordinates"":[]}"
3_8_1,114451.69063985778,2,16,1988,"{""type"":""MultiPoint"",""coordinates"":[]}"
3_9_0,8788.370636888068,1,17,1988,"{""type"":""MultiPoint"",""coordinates"":[]}"
3_9_1,140085.6712955225,2,17,1988,"{""type"":""MultiPoint"",""coordinates"":[]}"
3_10_0,3408.4107862930614,1,18,1988,"{""type"":""MultiPoint"",""coordinates"":[]}"
3_10_1,47345.35654856761,2,18,1988,"{""type"":""MultiPoint"",""coordinates"":[]}"
3_11_0,3383.9902255337074,1,19,1988,"{""type"":""MultiPoint"",""coordinates"":[]}"
3_11_1,48980.99318599947,2,19,1988,"{""type"":""MultiPoint"",""coordinates"":[]}"
3_12_0,5084.420388305147,1,20,1988,"{""type"":""MultiPoint"",""coordinates"":[]}"
3_12_1,77516.13239570291,2,20,1988,"{""type"":""MultiPoint"",""coordinates"":[]}"
3_13_0,786.6183879966424,1,21,1988,"{""type"":""MultiPoint"",""coordinates"":[]}"
3_13_1,12429.495226051396,2,21,1988,"{""type"":""MultiPoint"",""coordinates"":[]}"
3_14_0,742.0817081851161,1,22,1988,"{""type"":""MultiPoint"",""coordinates"":[]}"
3_14_1,11403.396595834523,2,22,1988,"{""type"":""MultiPoint"",""coordinates"":[]}"
3_15_0,16906.379963500574,1,23,1988,"{""type"":""MultiPoint"",""coordinates"":[]}"
3_15_1,334540.81390645955,2,23,1988,"{""type"":""MultiPoint"",""coordinates"":[]}"
3_16_0,1050.5153196528329,1,24,1988,"{""type"":""MultiPoint"",""coordinates"":[]}"
3_16_1,31592.69385539211,2,24,1988,"{""type"":""MultiPoint"",""coordinates"":[]}"
4_7_0,0.0017857496337890626,2,15,1989,"{""type"":""MultiPoint"",""coordinates"":[]}"
4_8_0,4322.904380441662,1,16,1989,"{""type"":""MultiPoint"",""coordinates"":[]}"
4_8_1,114482.26135109662,2,16,1989,"{""type"":""MultiPoint"",""coordinates"":[]}"
4_9_0,8935.03530378659,1,17,1989,"{""type"":""MultiPoint"",""coordinates"":[]}"
4_9_1,139939.00662862454,2,17,1989,"{""type"":""MultiPoint"",""coordinates"":[]}"
4_10_0,3339.6768887337344,1,18,1989,"{""type"":""MultiPoint"",""coordinates"":[]}"
4_10_1,47414.090446125985,2,18,1989,"{""type"":""MultiPoint"",""coordinates"":[]}"
4_11_0,3248.3370522284417,1,19,1989,"{""type"":""MultiPoint"",""coordinates"":[]}"
4_11_1,49116.64635930507,2,19,1989,"{""type"":""MultiPoint"",""coordinates"":[]}"
4_12_0,5198.697725450085,1,20,1989,"{""type"":""MultiPoint"",""coordinates"":[]}"
4_12_1,77401.85505855845,2,20,1989,"{""type"":""MultiPoint"",""coordinates"":[]}"
4_13_0,791.278921295408,1,21,1989,"{""type"":""MultiPoint"",""coordinates"":[]}"
4_13_1,12424.834692752476,2,21,1989,"{""type"":""MultiPoint"",""coordinates"":[]}"
4_14_0,762.087871754515,1,22,1989,"{""type"":""MultiPoint"",""coordinates"":[]}"
4_14_1,11383.390432264201,2,22,1989,"{""type"":""MultiPoint"",""coordinates"":[]}"
4_15_0,18570.763841273183,1,23,1989,"{""type"":""MultiPoint"",""coordinates"":[]}"
4_15_1,332876.4300286858,2,23,1989,"{""type"":""MultiPoint"",""coordinates"":[]}"
4_16_0,1111.9345486574716,1,24,1989,"{""type"":""MultiPoint"",""coordinates"":[]}"
4_16_1,31531.274626387552,2,24,1989,"{""type"":""MultiPoint"",""coordinates"":[]}"
5_7_0,0.0017857496337890626,2,15,1990,"{""type"":""MultiPoint"",""coordinates"":[]}"
5_8_0,4479.451790171713,1,16,1990,"{""type"":""MultiPoint"",""coordinates"":[]}"
5_8_1,114325.71394136784,2,16,1990,"{""type"":""MultiPoint"",""coordinates"":[]}"
5_9_0,8673.162207157024,1,17,1990,"{""type"":""MultiPoint"",""coordinates"":[]}"
5_9_1,140200.87972525455,2,17,1990,"{""type"":""MultiPoint"",""coordinates"":[]}"
5_10_0,3359.593984321025,1,18,1990,"{""type"":""MultiPoint"",""coordinates"":[]}"
5_10_1,47394.173350538906,2,18,1990,"{""type"":""MultiPoint"",""coordinates"":[]}"
5_11_0,3610.061425162467,1,19,1990,"{""type"":""MultiPoint"",""coordinates"":[]}"
5_11_1,48754.92198637152,2,19,1990,"{""type"":""MultiPoint"",""coordinates"":[]}"
5_12_0,4933.072128403168,1,20,1990,"{""type"":""MultiPoint"",""coordinates"":[]}"
5_12_1,77667.48065560583,2,20,1990,"{""type"":""MultiPoint"",""coordinates"":[]}"
5_13_0,787.5429757879617,1,21,1990,"{""type"":""MultiPoint"",""coordinates"":[]}"
5_13_1,12428.570638260197,2,21,1990,"{""type"":""MultiPoint"",""coordinates"":[]}"
5_14_0,626.1163546537441,1,22,1990,"{""type"":""MultiPoint"",""coordinates"":[]}"
5_14_1,11519.361949365302,2,22,1990,"{""type"":""MultiPoint"",""coordinates"":[]}"
5_15_0,17851.361064390556,1,23,1990,"{""type"":""MultiPoint"",""coordinates"":[]}"
5_15_1,333595.8328055678,2,23,1990,"{""type"":""MultiPoint"",""coordinates"":[]}"
5_16_0,1113.5501205102555,1,24,1990,"{""type"":""MultiPoint"",""coordinates"":[]}"
5_16_1,31529.659054534717,2,24,1990,"{""type"":""MultiPoint"",""coordinates"":[]}"
6_7_0,0.0017857496337890626,2,15,1991,"{""type"":""MultiPoint"",""coordinates"":[]}"
6_8_0,4273.837632286446,1,16,1991,"{""type"":""MultiPoint"",""coordinates"":[]}"
6_8_1,114531.3280992527,2,16,1991,"{""type"":""MultiPoint"",""coordinates"":[]}"
6_9_0,9091.727891342123,1,17,1991,"{""type"":""MultiPoint"",""coordinates"":[]}"
6_9_1,139782.31404106872,2,17,1991,"{""type"":""MultiPoint"",""coordinates"":[]}"
6_10_0,3840.2193414832836,1,18,1991,"{""type"":""MultiPoint"",""coordinates"":[]}"
6_10_1,46913.547993376305,2,18,1991,"{""type"":""MultiPoint"",""coordinates"":[]}"
6_11_0,3736.476488026281,1,19,1991,"{""type"":""MultiPoint"",""coordinates"":[]}"
6_11_1,48628.50692350711,2,19,1991,"{""type"":""MultiPoint"",""coordinates"":[]}"
6_12_0,5158.470184383058,1,20,1991,"{""type"":""MultiPoint"",""coordinates"":[]}"
6_12_1,77442.08259962474,2,20,1991,"{""type"":""MultiPoint"",""coordinates"":[]}"
6_13_0,786.9910960424162,1,21,1991,"{""type"":""MultiPoint"",""coordinates"":[]}"
6_13_1,12429.122518005592,2,21,1991,"{""type"":""MultiPoint"",""coordinates"":[]}"
6_14_0,664.4375261694893,1,22,1991,"{""type"":""MultiPoint"",""coordinates"":[]}"
6_14_1,11481.040777849628,2,22,1991,"{""type"":""MultiPoint"",""coordinates"":[]}"
6_15_0,17503.145817816418,1,23,1991,"{""type"":""MultiPoint"",""coordinates"":[]}"
6_15_1,333944.04805214226,2,23,1991,"{""type"":""MultiPoint"",""coordinates"":[]}"
6_16_0,1150.1563337989494,1,24,1991,"{""type"":""MultiPoint"",""coordinates"":[]}"
6_16_1,31493.052841245993,2,24,1991,"{""type"":""MultiPoint"",""coordinates"":[]}"
7_7_0,0.0017857496337890626,2,15,1992,"{""type"":""MultiPoint"",""coordinates"":[]}"
7_8_0,4407.125438787744,1,16,1992,"{""type"":""MultiPoint"",""coordinates"":[]}"
7_8_1,114398.04029275068,2,16,1992,"{""type"":""MultiPoint"",""coordinates"":[]}"
7_9_0,9411.862712992941,1,17,1992,"{""type"":""MultiPoint"",""coordinates"":[]}"
7_9_1,139462.17921941675,2,17,1992,"{""type"":""MultiPoint"",""coordinates"":[]}"
7_10_0,3519.3851872826303,1,18,1992,"{""type"":""MultiPoint"",""coordinates"":[]}"
7_10_1,47234.38214757682,2,18,1992,"{""type"":""MultiPoint"",""coordinates"":[]}"
7_11_0,3310.458463327647,1,19,1992,"{""type"":""MultiPoint"",""coordinates"":[]}"
7_11_1,49054.524948205966,2,19,1992,"{""type"":""MultiPoint"",""coordinates"":[]}"
7_12_0,4940.659947126988,1,20,1992,"{""type"":""MultiPoint"",""coordinates"":[]}"
7_12_1,77659.89283688097,2,20,1992,"{""type"":""MultiPoint"",""coordinates"":[]}"
7_13_0,756.7772701469707,1,21,1992,"{""type"":""MultiPoint"",""coordinates"":[]}"
7_13_1,12459.336343900968,2,21,1992,"{""type"":""MultiPoint"",""coordinates"":[]}"
7_14_0,662.9759679713108,1,22,1992,"{""type"":""MultiPoint"",""coordinates"":[]}"
7_14_1,11482.502336047684,2,22,1992,"{""type"":""MultiPoint"",""coordinates"":[]}"
7_15_0,17819.375215987613,1,23,1992,"{""type"":""MultiPoint"",""coordinates"":[]}"
7_15_1,333627.8186539709,2,23,1992,"{""type"":""MultiPoint"",""coordinates"":[]}"
7_16_0,1173.147764312563,1,24,1992,"{""type"":""MultiPoint"",""coordinates"":[]}"
7_16_1,31470.06141073266,2,24,1992,"{""type"":""MultiPoint"",""coordinates"":[]}"
8_7_0,0.0017857496337890626,1,15,1993,"{""type"":""MultiPoint"",""coordinates"":[]}"
8_8_0,4496.486525113362,1,16,1993,"{""type"":""MultiPoint"",""coordinates"":[]}"
8_8_1,114308.67920642576,2,16,1993,"{""type"":""MultiPoint"",""coordinates"":[]}"
8_9_0,9862.634226420572,1,17,1993,"{""type"":""MultiPoint"",""coordinates"":[]}"
8_9_1,139011.4077059914,2,17,1993,"{""type"":""MultiPoint"",""coordinates"":[]}"
8_10_0,3520.8790631780266,1,18,1993,"{""type"":""MultiPoint"",""coordinates"":[]}"
8_10_1,47232.88827168215,2,18,1993,"{""type"":""MultiPoint"",""coordinates"":[]}"
8_11_0,3255.5854966085744,1,19,1993,"{""type"":""MultiPoint"",""coordinates"":[]}"
8_11_1,49109.39791492536,2,19,1993,"{""type"":""MultiPoint"",""coordinates"":[]}"
8_12_0,5478.939582214324,1,20,1993,"{""type"":""MultiPoint"",""coordinates"":[]}"
8_12_1,77121.61320179478,2,20,1993,"{""type"":""MultiPoint"",""coordinates"":[]}"
8_13_0,898.4374763410018,1,21,1993,"{""type"":""MultiPoint"",""coordinates"":[]}"
8_13_1,12317.676137707624,2,21,1993,"{""type"":""MultiPoint"",""coordinates"":[]}"
8_14_0,735.176872573482,1,22,1993,"{""type"":""MultiPoint"",""coordinates"":[]}"
8_14_1,11410.301431445987,2,22,1993,"{""type"":""MultiPoint"",""coordinates"":[]}"
8_15_0,17099.63174838365,1,23,1993,"{""type"":""MultiPoint"",""coordinates"":[]}"
8_15_1,334347.56212157715,2,23,1993,"{""type"":""MultiPoint"",""coordinates"":[]}"
8_16_0,1182.6521112351697,1,24,1993,"{""type"":""MultiPoint"",""coordinates"":[]}"
8_16_1,31460.55706380975,2,24,1993,"{""type"":""MultiPoint"",""coordinates"":[]}"
9_7_0,8.928749389648438E-4,1,15,1994,"{""type"":""MultiPoint"",""coordinates"":[]}"
9_7_1,8.928746948242188E-4,2,15,1994,"{""type"":""MultiPoint"",""coordinates"":[]}"
9_8_0,4515.880157686056,1,16,1994,"{""type"":""MultiPoint"",""coordinates"":[]}"
9_8_1,114289.28557385354,2,16,1994,"{""type"":""MultiPoint"",""coordinates"":[]}"
9_9_0,9598.244960777742,1,17,1994,"{""type"":""MultiPoint"",""coordinates"":[]}"
9_9_1,139275.79697163292,2,17,1994,"{""type"":""MultiPoint"",""coordinates"":[]}"
9_10_0,3190.8207032400105,1,18,1994,"{""type"":""MultiPoint"",""coordinates"":[]}"
9_10_1,47562.946631619525,2,18,1994,"{""type"":""MultiPoint"",""coordinates"":[]}"
9_11_0,3441.695337243201,1,19,1994,"{""type"":""MultiPoint"",""coordinates"":[]}"
9_11_1,48923.28807429082,2,19,1994,"{""type"":""MultiPoint"",""coordinates"":[]}"
9_12_0,5473.214123497754,1,20,1994,"{""type"":""MultiPoint"",""coordinates"":[]}"
9_12_1,77127.33866051075,2,20,1994,"{""type"":""MultiPoint"",""coordinates"":[]}"
9_13_0,799.8509470368657,1,21,1994,"{""type"":""MultiPoint"",""coordinates"":[]}"
9_13_1,12416.262667011404,2,21,1994,"{""type"":""MultiPoint"",""coordinates"":[]}"
9_14_0,694.7247242175247,1,22,1994,"{""type"":""MultiPoint"",""coordinates"":[]}"
9_14_1,11450.753579801487,2,22,1994,"{""type"":""MultiPoint"",""coordinates"":[]}"
9_15_0,17541.990709439277,1,23,1994,"{""type"":""MultiPoint"",""coordinates"":[]}"
9_15_1,333905.2031605191,2,23,1994,"{""type"":""MultiPoint"",""coordinates"":[]}"
9_16_0,1121.9252553251968,1,24,1994,"{""type"":""MultiPoint"",""coordinates"":[]}"
9_16_1,31521.283919720103,2,24,1994,"{""type"":""MultiPoint"",""coordinates"":[]}"
10_7_0,0.0017857496337890626,1,15,1995,"{""type"":""MultiPoint"",""coordinates"":[]}"
10_8_0,4677.894918882166,1,16,1995,"{""type"":""MultiPoint"",""coordinates"":[]}"
10_8_1,114127.27081265769,2,16,1995,"{""type"":""MultiPoint"",""coordinates"":[]}"
10_9_0,10395.56267936913,1,17,1995,"{""type"":""MultiPoint"",""coordinates"":[]}"
10_9_1,138478.47925304074,2,17,1995,"{""type"":""MultiPoint"",""coordinates"":[]}"
10_10_0,3770.377322203158,1,18,1995,"{""type"":""MultiPoint"",""coordinates"":[]}"
10_10_1,46983.39001265677,2,18,1995,"{""type"":""MultiPoint"",""coordinates"":[]}"
10_11_0,3574.3913667816933,1,19,1995,"{""type"":""MultiPoint"",""coordinates"":[]}"
10_11_1,48790.59204475326,2,19,1995,"{""type"":""MultiPoint"",""coordinates"":[]}"
10_12_0,5541.209447505761,1,20,1995,"{""type"":""MultiPoint"",""coordinates"":[]}"
10_12_1,77059.34333650244,2,20,1995,"{""type"":""MultiPoint"",""coordinates"":[]}"
10_13_0,834.3731503315385,1,21,1995,"{""type"":""MultiPoint"",""coordinates"":[]}"
10_13_1,12381.740463717057,2,21,1995,"{""type"":""MultiPoint"",""coordinates"":[]}"
10_14_0,739.2883229498241,1,22,1995,"{""type"":""MultiPoint"",""coordinates"":[]}"
10_14_1,11406.189981069467,2,22,1995,"{""type"":""MultiPoint"",""coordinates"":[]}"
10_15_0,18142.719836440734,1,23,1995,"{""type"":""MultiPoint"",""coordinates"":[]}"
10_15_1,333304.4740335193,2,23,1995,"{""type"":""MultiPoint"",""coordinates"":[]}"
10_16_0,1136.0684565999145,1,24,1995,"{""type"":""MultiPoint"",""coordinates"":[]}"
10_16_1,31507.14071844498,2,24,1995,"{""type"":""MultiPoint"",""coordinates"":[]}"
11_7_0,0.0017857496337890626,1,15,1996,"{""type"":""MultiPoint"",""coordinates"":[]}"
11_8_0,4731.327765098534,1,16,1996,"{""type"":""MultiPoint"",""coordinates"":[]}"
11_8_1,114073.83796644036,2,16,1996,"{""type"":""MultiPoint"",""coordinates"":[]}"
11_9_0,10635.190809181331,1,17,1996,"{""type"":""MultiPoint"",""coordinates"":[]}"
11_9_1,138238.85112322963,2,17,1996,"{""type"":""MultiPoint"",""coordinates"":[]}"
11_10_0,3944.2560741879006,1,18,1996,"{""type"":""MultiPoint"",""coordinates"":[]}"
11_10_1,46809.51126067168,2,18,1996,"{""type"":""MultiPoint"",""coordinates"":[]}"
11_11_0,3464.3982725138208,1,19,1996,"{""type"":""MultiPoint"",""coordinates"":[]}"
11_11_1,48900.5851390197,2,19,1996,"{""type"":""MultiPoint"",""coordinates"":[]}"
11_12_0,5516.939545070692,1,20,1996,"{""type"":""MultiPoint"",""coordinates"":[]}"
11_12_1,77083.61323893824,2,20,1996,"{""type"":""MultiPoint"",""coordinates"":[]}"
11_13_0,927.6482554708201,1,21,1996,"{""type"":""MultiPoint"",""coordinates"":[]}"
11_13_1,12288.46535857741,2,21,1996,"{""type"":""MultiPoint"",""coordinates"":[]}"
11_14_0,782.2442023565018,1,22,1996,"{""type"":""MultiPoint"",""coordinates"":[]}"
11_14_1,11363.234101663042,2,22,1996,"{""type"":""MultiPoint"",""coordinates"":[]}"
11_15_0,18775.035159520434,1,23,1996,"{""type"":""MultiPoint"",""coordinates"":[]}"
11_15_1,332672.15871044016,2,23,1996,"{""type"":""MultiPoint"",""coordinates"":[]}"
11_16_0,1136.3210073656603,1,24,1996,"{""type"":""MultiPoint"",""coordinates"":[]}"
11_16_1,31506.88816767959,2,24,1996,"{""type"":""MultiPoint"",""coordinates"":[]}"
12_7_0,0.0017857496337890626,1,15,1997,"{""type"":""MultiPoint"",""coordinates"":[]}"
12_8_0,4920.531188140345,1,16,1997,"{""type"":""MultiPoint"",""coordinates"":[]}"
12_8_1,113884.63454339746,2,16,1997,"{""type"":""MultiPoint"",""coordinates"":[]}"
12_9_0,10041.75549711556,1,17,1997,"{""type"":""MultiPoint"",""coordinates"":[]}"
12_9_1,138832.2864352965,2,17,1997,"{""type"":""MultiPoint"",""coordinates"":[]}"
12_10_0,3574.6912720139208,1,18,1997,"{""type"":""MultiPoint"",""coordinates"":[]}"
12_10_1,47179.076062845765,2,18,1997,"{""type"":""MultiPoint"",""coordinates"":[]}"
12_11_0,3471.6620396417215,1,19,1997,"{""type"":""MultiPoint"",""coordinates"":[]}"
12_11_1,48893.321371892176,2,19,1997,"{""type"":""MultiPoint"",""coordinates"":[]}"
12_12_0,5763.949371079626,1,20,1997,"{""type"":""MultiPoint"",""coordinates"":[]}"
12_12_1,76836.60341292941,2,20,1997,"{""type"":""MultiPoint"",""coordinates"":[]}"
12_13_0,913.1599480607262,1,21,1997,"{""type"":""MultiPoint"",""coordinates"":[]}"
12_13_1,12302.953665987792,2,21,1997,"{""type"":""MultiPoint"",""coordinates"":[]}"
12_14_0,699.7998396135819,1,22,1997,"{""type"":""MultiPoint"",""coordinates"":[]}"
12_14_1,11445.678464405271,2,22,1997,"{""type"":""MultiPoint"",""coordinates"":[]}"
12_15_0,18414.28564875191,1,23,1997,"{""type"":""MultiPoint"",""coordinates"":[]}"
12_15_1,333032.90822120965,2,23,1997,"{""type"":""MultiPoint"",""coordinates"":[]}"
12_16_0,1137.2950408319086,1,24,1997,"{""type"":""MultiPoint"",""coordinates"":[]}"
12_16_1,31505.914134212973,2,24,1997,"{""type"":""MultiPoint"",""coordinates"":[]}"
13_7_0,8.928746948242188E-4,1,15,1998,"{""type"":""MultiPoint"",""coordinates"":[]}"
13_7_1,8.928749389648438E-4,2,15,1998,"{""type"":""MultiPoint"",""coordinates"":[]}"
13_8_0,5341.395966008491,1,16,1998,"{""type"":""MultiPoint"",""coordinates"":[]}"
13_8_1,113463.76976553093,2,16,1998,"{""type"":""MultiPoint"",""coordinates"":[]}"
13_9_0,10810.761499672415,1,17,1998,"{""type"":""MultiPoint"",""coordinates"":[]}"
13_9_1,138063.2804327375,2,17,1998,"{""type"":""MultiPoint"",""coordinates"":[]}"
13_10_0,3516.15608343211,1,18,1998,"{""type"":""MultiPoint"",""coordinates"":[]}"
13_10_1,47237.61125142716,2,18,1998,"{""type"":""MultiPoint"",""coordinates"":[]}"
13_11_0,3586.4760584022843,1,19,1998,"{""type"":""MultiPoint"",""coordinates"":[]}"
13_11_1,48778.50735313159,2,19,1998,"{""type"":""MultiPoint"",""coordinates"":[]}"
13_12_0,5172.45241065572,1,20,1998,"{""type"":""MultiPoint"",""coordinates"":[]}"
13_12_1,77428.10037335305,2,20,1998,"{""type"":""MultiPoint"",""coordinates"":[]}"
13_13_0,857.8890019355449,1,21,1998,"{""type"":""MultiPoint"",""coordinates"":[]}"
13_13_1,12358.224612112974,2,21,1998,"{""type"":""MultiPoint"",""coordinates"":[]}"
13_14_0,785.7106540514524,1,22,1998,"{""type"":""MultiPoint"",""coordinates"":[]}"
13_14_1,11359.76764996744,2,22,1998,"{""type"":""MultiPoint"",""coordinates"":[]}"
13_15_0,18391.682266525935,1,23,1998,"{""type"":""MultiPoint"",""coordinates"":[]}"
13_15_1,333055.5116034331,2,23,1998,"{""type"":""MultiPoint"",""coordinates"":[]}"
13_16_0,1199.1370032020268,1,24,1998,"{""type"":""MultiPoint"",""coordinates"":[]}"
13_16_1,31444.072171843185,2,24,1998,"{""type"":""MultiPoint"",""coordinates"":[]}"
14_7_0,8.928746948242188E-4,1,15,1999,"{""type"":""MultiPoint"",""coordinates"":[]}"
14_7_1,8.928749389648438E-4,2,15,1999,"{""type"":""MultiPoint"",""coordinates"":[]}"
14_8_0,5198.0118133086735,1,16,1999,"{""type"":""MultiPoint"",""coordinates"":[]}"
14_8_1,113607.15391823082,2,16,1999,"{""type"":""MultiPoint"",""coordinates"":[]}"
14_9_0,10648.30192760359,1,17,1999,"{""type"":""MultiPoint"",""coordinates"":[]}"
14_9_1,138225.74000480835,2,17,1999,"{""type"":""MultiPoint"",""coordinates"":[]}"
14_10_0,3619.9964780603873,1,18,1999,"{""type"":""MultiPoint"",""coordinates"":[]}"
14_10_1,47133.77085679932,2,18,1999,"{""type"":""MultiPoint"",""coordinates"":[]}"
14_11_0,3528.121292213112,1,19,1999,"{""type"":""MultiPoint"",""coordinates"":[]}"
14_11_1,48836.86211931996,2,19,1999,"{""type"":""MultiPoint"",""coordinates"":[]}"
14_12_0,5547.294873249171,1,20,1999,"{""type"":""MultiPoint"",""coordinates"":[]}"
14_12_1,77053.25791076009,2,20,1999,"{""type"":""MultiPoint"",""coordinates"":[]}"
14_13_0,831.41298966656,1,21,1999,"{""type"":""MultiPoint"",""coordinates"":[]}"
14_13_1,12384.700624381636,2,21,1999,"{""type"":""MultiPoint"",""coordinates"":[]}"
14_14_0,714.6339528214692,1,22,1999,"{""type"":""MultiPoint"",""coordinates"":[]}"
14_14_1,11430.84435119724,2,22,1999,"{""type"":""MultiPoint"",""coordinates"":[]}"
14_15_0,18380.930051492636,1,23,1999,"{""type"":""MultiPoint"",""coordinates"":[]}"
14_15_1,333066.26381846797,2,23,1999,"{""type"":""MultiPoint"",""coordinates"":[]}"
14_16_0,1199.6054564459857,1,24,1999,"{""type"":""MultiPoint"",""coordinates"":[]}"
14_16_1,31443.60371859886,2,24,1999,"{""type"":""MultiPoint"",""coordinates"":[]}"
15_7_0,0.0017857496337890626,2,15,2000,"{""type"":""MultiPoint"",""coordinates"":[]}"
15_8_0,4892.806441271075,1,16,2000,"{""type"":""MultiPoint"",""coordinates"":[]}"
15_8_1,113912.35929026883,2,16,2000,"{""type"":""MultiPoint"",""coordinates"":[]}"
15_9_0,10564.868092958242,1,17,2000,"{""type"":""MultiPoint"",""coordinates"":[]}"
15_9_1,138309.1738394556,2,17,2000,"{""type"":""MultiPoint"",""coordinates"":[]}"
15_10_0,3525.44784855626,1,18,2000,"{""type"":""MultiPoint"",""coordinates"":[]}"
15_10_1,47228.319486302906,2,18,2000,"{""type"":""MultiPoint"",""coordinates"":[]}"
15_11_0,3213.932398449991,1,19,2000,"{""type"":""MultiPoint"",""coordinates"":[]}"
15_11_1,49151.051013084405,2,19,2000,"{""type"":""MultiPoint"",""coordinates"":[]}"
15_12_0,5339.61463407264,1,20,2000,"{""type"":""MultiPoint"",""coordinates"":[]}"
15_12_1,77260.93814993574,2,20,2000,"{""type"":""MultiPoint"",""coordinates"":[]}"
15_13_0,787.089742135135,1,21,2000,"{""type"":""MultiPoint"",""coordinates"":[]}"
15_13_1,12429.023871913041,2,21,2000,"{""type"":""MultiPoint"",""coordinates"":[]}"
15_14_0,728.5184553835413,1,22,2000,"{""type"":""MultiPoint"",""coordinates"":[]}"
15_14_1,11416.959848635293,2,22,2000,"{""type"":""MultiPoint"",""coordinates"":[]}"
15_15_0,17624.739417759174,1,23,2000,"{""type"":""MultiPoint"",""coordinates"":[]}"
15_15_1,333822.4544522026,2,23,2000,"{""type"":""MultiPoint"",""coordinates"":[]}"
15_16_0,1177.301335839295,1,24,2000,"{""type"":""MultiPoint"",""coordinates"":[]}"
15_16_1,31465.90783920553,2,24,2000,"{""type"":""MultiPoint"",""coordinates"":[]}"
16_7_0,0.0017857496337890626,2,15,2001,"{""type"":""MultiPoint"",""coordinates"":[]}"
16_8_0,4738.460903140645,1,16,2001,"{""type"":""MultiPoint"",""coordinates"":[]}"
16_8_1,114066.70482839852,2,16,2001,"{""type"":""MultiPoint"",""coordinates"":[]}"
16_9_0,10533.274240493416,1,17,2001,"{""type"":""MultiPoint"",""coordinates"":[]}"
16_9_1,138340.76769192077,2,17,2001,"{""type"":""MultiPoint"",""coordinates"":[]}"
16_10_0,3462.8661016047645,1,18,2001,"{""type"":""MultiPoint"",""coordinates"":[]}"
16_10_1,47290.90123325548,2,18,2001,"{""type"":""MultiPoint"",""coordinates"":[]}"
16_11_0,3191.8182153584867,1,19,2001,"{""type"":""MultiPoint"",""coordinates"":[]}"
16_11_1,49173.16519617528,2,19,2001,"{""type"":""MultiPoint"",""coordinates"":[]}"
16_12_0,5631.086740209189,1,20,2001,"{""type"":""MultiPoint"",""coordinates"":[]}"
16_12_1,76969.46604379959,2,20,2001,"{""type"":""MultiPoint"",""coordinates"":[]}"
16_13_0,808.8801916415954,1,21,2001,"{""type"":""MultiPoint"",""coordinates"":[]}"
16_13_1,12407.233422406935,2,21,2001,"{""type"":""MultiPoint"",""coordinates"":[]}"
16_14_0,682.6755213604093,1,22,2001,"{""type"":""MultiPoint"",""coordinates"":[]}"
16_14_1,11462.80278265867,2,22,2001,"{""type"":""MultiPoint"",""coordinates"":[]}"
16_15_0,17590.748991314056,1,23,2001,"{""type"":""MultiPoint"",""coordinates"":[]}"
16_15_1,333856.4448786485,2,23,2001,"{""type"":""MultiPoint"",""coordinates"":[]}"
16_16_0,1165.0613268889795,1,24,2001,"{""type"":""MultiPoint"",""coordinates"":[]}"
16_16_1,31478.147848155902,2,24,2001,"{""type"":""MultiPoint"",""coordinates"":[]}"
17_7_0,0.0017857496337890626,2,15,2002,"{""type"":""MultiPoint"",""coordinates"":[]}"
17_8_0,4793.483845242882,1,16,2002,"{""type"":""MultiPoint"",""coordinates"":[]}"
17_8_1,114011.68188629586,2,16,2002,"{""type"":""MultiPoint"",""coordinates"":[]}"
17_9_0,10613.524989460979,1,17,2002,"{""type"":""MultiPoint"",""coordinates"":[]}"
17_9_1,138260.516942953,2,17,2002,"{""type"":""MultiPoint"",""coordinates"":[]}"
17_10_0,3606.1135302895377,1,18,2002,"{""type"":""MultiPoint"",""coordinates"":[]}"
17_10_1,47147.65380457068,2,18,2002,"{""type"":""MultiPoint"",""coordinates"":[]}"
17_11_0,3232.1318234413075,1,19,2002,"{""type"":""MultiPoint"",""coordinates"":[]}"
17_11_1,49132.851588092846,2,19,2002,"{""type"":""MultiPoint"",""coordinates"":[]}"
17_12_0,5408.594662365745,1,20,2002,"{""type"":""MultiPoint"",""coordinates"":[]}"
17_12_1,77191.9581216425,2,20,2002,"{""type"":""MultiPoint"",""coordinates"":[]}"
17_13_0,737.7940400866066,1,21,2002,"{""type"":""MultiPoint"",""coordinates"":[]}"
17_13_1,12478.31957396138,2,21,2002,"{""type"":""MultiPoint"",""coordinates"":[]}"
17_14_0,583.0254063092622,1,22,2002,"{""type"":""MultiPoint"",""coordinates"":[]}"
17_14_1,11562.45289770983,2,22,2002,"{""type"":""MultiPoint"",""coordinates"":[]}"
17_15_0,17657.919972140873,1,23,2002,"{""type"":""MultiPoint"",""coordinates"":[]}"
17_15_1,333789.2738978207,2,23,2002,"{""type"":""MultiPoint"",""coordinates"":[]}"
17_16_0,1116.887274920045,1,24,2002,"{""type"":""MultiPoint"",""coordinates"":[]}"
17_16_1,31526.3219001251,2,24,2002,"{""type"":""MultiPoint"",""coordinates"":[]}"
18_7_0,0.0017857496337890626,2,15,2003,"{""type"":""MultiPoint"",""coordinates"":[]}"
18_8_0,5011.268987143079,1,16,2003,"{""type"":""MultiPoint"",""coordinates"":[]}"
18_8_1,113793.89674439606,2,16,2003,"{""type"":""MultiPoint"",""coordinates"":[]}"
18_9_0,10791.113162261317,1,17,2003,"{""type"":""MultiPoint"",""coordinates"":[]}"
18_9_1,138082.92877015227,2,17,2003,"{""type"":""MultiPoint"",""coordinates"":[]}"
18_10_0,3721.633148049888,1,18,2003,"{""type"":""MultiPoint"",""coordinates"":[]}"
18_10_1,47032.134186810734,2,18,2003,"{""type"":""MultiPoint"",""coordinates"":[]}"
18_11_0,3436.687775695745,1,19,2003,"{""type"":""MultiPoint"",""coordinates"":[]}"
18_11_1,48928.295635838345,2,19,2003,"{""type"":""MultiPoint"",""coordinates"":[]}"
18_12_0,5472.778848186168,1,20,2003,"{""type"":""MultiPoint"",""coordinates"":[]}"
18_12_1,77127.77393582255,2,20,2003,"{""type"":""MultiPoint"",""coordinates"":[]}"
18_13_0,697.4824089105854,1,21,2003,"{""type"":""MultiPoint"",""coordinates"":[]}"
18_13_1,12518.63120513717,2,21,2003,"{""type"":""MultiPoint"",""coordinates"":[]}"
18_14_0,572.1447666092507,1,22,2003,"{""type"":""MultiPoint"",""coordinates"":[]}"
18_14_1,11573.33353740933,2,22,2003,"{""type"":""MultiPoint"",""coordinates"":[]}"
18_15_0,16851.036739941417,1,23,2003,"{""type"":""MultiPoint"",""coordinates"":[]}"
18_15_1,334596.1571300186,2,23,2003,"{""type"":""MultiPoint"",""coordinates"":[]}"
18_16_0,1078.1091116496575,1,24,2003,"{""type"":""MultiPoint"",""coordinates"":[]}"
18_16_1,31565.100063395083,2,24,2003,"{""type"":""MultiPoint"",""coordinates"":[]}"
19_7_0,0.0017857496337890626,1,15,2004,"{""type"":""MultiPoint"",""coordinates"":[]}"
19_8_0,5105.717709455036,1,16,2004,"{""type"":""MultiPoint"",""coordinates"":[]}"
19_8_1,113699.44802208367,2,16,2004,"{""type"":""MultiPoint"",""coordinates"":[]}"
19_9_0,11216.45717672164,1,17,2004,"{""type"":""MultiPoint"",""coordinates"":[]}"
19_9_1,137657.58475569074,2,17,2004,"{""type"":""MultiPoint"",""coordinates"":[]}"
19_10_0,3664.940239660653,1,18,2004,"{""type"":""MultiPoint"",""coordinates"":[]}"
19_10_1,47088.82709519985,2,18,2004,"{""type"":""MultiPoint"",""coordinates"":[]}"
19_11_0,3376.816832454742,1,19,2004,"{""type"":""MultiPoint"",""coordinates"":[]}"
19_11_1,48988.166579078264,2,19,2004,"{""type"":""MultiPoint"",""coordinates"":[]}"
19_12_0,5447.722046227183,1,20,2004,"{""type"":""MultiPoint"",""coordinates"":[]}"
19_12_1,77152.830737781,2,20,2004,"{""type"":""MultiPoint"",""coordinates"":[]}"
19_13_0,769.1736279306648,1,21,2004,"{""type"":""MultiPoint"",""coordinates"":[]}"
19_13_1,12446.93998611767,2,21,2004,"{""type"":""MultiPoint"",""coordinates"":[]}"
19_14_0,609.2453526926236,1,22,2004,"{""type"":""MultiPoint"",""coordinates"":[]}"
19_14_1,11536.232951326156,2,22,2004,"{""type"":""MultiPoint"",""coordinates"":[]}"
19_15_0,17201.053859815413,1,23,2004,"{""type"":""MultiPoint"",""coordinates"":[]}"
19_15_1,334246.14001014567,2,23,2004,"{""type"":""MultiPoint"",""coordinates"":[]}"
19_16_0,1066.0335973093245,1,24,2004,"{""type"":""MultiPoint"",""coordinates"":[]}"
19_16_1,31577.17557773569,2,24,2004,"{""type"":""MultiPoint"",""coordinates"":[]}"
20_7_0,0.0017857496337890626,2,15,2005,"{""type"":""MultiPoint"",""coordinates"":[]}"
20_8_0,4989.372629266677,1,16,2005,"{""type"":""MultiPoint"",""coordinates"":[]}"
20_8_1,113815.79310227251,2,16,2005,"{""type"":""MultiPoint"",""coordinates"":[]}"
20_9_0,11079.856313943126,1,17,2005,"{""type"":""MultiPoint"",""coordinates"":[]}"
20_9_1,137794.1856184701,2,17,2005,"{""type"":""MultiPoint"",""coordinates"":[]}"
20_10_0,3633.711651433097,1,18,2005,"{""type"":""MultiPoint"",""coordinates"":[]}"
20_10_1,47120.055683426785,2,18,2005,"{""type"":""MultiPoint"",""coordinates"":[]}"
20_11_0,3371.1118432897115,1,19,2005,"{""type"":""MultiPoint"",""coordinates"":[]}"
20_11_1,48993.87156824456,2,19,2005,"{""type"":""MultiPoint"",""coordinates"":[]}"
20_12_0,5759.258824697525,1,20,2005,"{""type"":""MultiPoint"",""coordinates"":[]}"
20_12_1,76841.29395931092,2,20,2005,"{""type"":""MultiPoint"",""coordinates"":[]}"
20_13_0,782.6495461693725,1,21,2005,"{""type"":""MultiPoint"",""coordinates"":[]}"
20_13_1,12433.464067878782,2,21,2005,"{""type"":""MultiPoint"",""coordinates"":[]}"
20_14_0,570.1434521590564,1,22,2005,"{""type"":""MultiPoint"",""coordinates"":[]}"
20_14_1,11575.334851859712,2,22,2005,"{""type"":""MultiPoint"",""coordinates"":[]}"
20_15_0,17454.905968493375,1,23,2005,"{""type"":""MultiPoint"",""coordinates"":[]}"
20_15_1,333992.28790146514,2,23,2005,"{""type"":""MultiPoint"",""coordinates"":[]}"
20_16_0,1039.8150764732645,1,24,2005,"{""type"":""MultiPoint"",""coordinates"":[]}"
20_16_1,31603.394098571796,2,24,2005,"{""type"":""MultiPoint"",""coordinates"":[]}"
21_7_0,0.0017857496337890626,2,15,2006,"{""type"":""MultiPoint"",""coordinates"":[]}"
21_8_0,4827.430371005947,1,16,2006,"{""type"":""MultiPoint"",""coordinates"":[]}"
21_8_1,113977.73536053285,2,16,2006,"{""type"":""MultiPoint"",""coordinates"":[]}"
21_9_0,11132.096614027816,1,17,2006,"{""type"":""MultiPoint"",""coordinates"":[]}"
21_9_1,137741.94531838567,2,17,2006,"{""type"":""MultiPoint"",""coordinates"":[]}"
21_10_0,3617.236351500267,1,18,2006,"{""type"":""MultiPoint"",""coordinates"":[]}"
21_10_1,47136.53098335927,2,18,2006,"{""type"":""MultiPoint"",""coordinates"":[]}"
21_11_0,3208.7367195238353,1,19,2006,"{""type"":""MultiPoint"",""coordinates"":[]}"
21_11_1,49156.24669201002,2,19,2006,"{""type"":""MultiPoint"",""coordinates"":[]}"
21_12_0,5699.178053156633,1,20,2006,"{""type"":""MultiPoint"",""coordinates"":[]}"
21_12_1,76901.37473085144,2,20,2006,"{""type"":""MultiPoint"",""coordinates"":[]}"
21_13_0,716.7198029043581,1,21,2006,"{""type"":""MultiPoint"",""coordinates"":[]}"
21_13_1,12499.393811143458,2,21,2006,"{""type"":""MultiPoint"",""coordinates"":[]}"
21_14_0,534.2083241237153,1,22,2006,"{""type"":""MultiPoint"",""coordinates"":[]}"
21_14_1,11611.26997989514,2,22,2006,"{""type"":""MultiPoint"",""coordinates"":[]}"
21_15_0,17054.523584576233,1,23,2006,"{""type"":""MultiPoint"",""coordinates"":[]}"
21_15_1,334392.67028538353,2,23,2006,"{""type"":""MultiPoint"",""coordinates"":[]}"
21_16_0,1063.8137864199216,1,24,2006,"{""type"":""MultiPoint"",""coordinates"":[]}"
21_16_1,31579.395388625024,2,24,2006,"{""type"":""MultiPoint"",""coordinates"":[]}"
22_7_0,0.0017857496337890626,2,15,2007,"{""type"":""MultiPoint"",""coordinates"":[]}"
22_8_0,4936.3364164038685,1,16,2007,"{""type"":""MultiPoint"",""coordinates"":[]}"
22_8_1,113868.82931513528,2,16,2007,"{""type"":""MultiPoint"",""coordinates"":[]}"
22_9_0,11495.259285404962,1,17,2007,"{""type"":""MultiPoint"",""coordinates"":[]}"
22_9_1,137378.78264700703,2,17,2007,"{""type"":""MultiPoint"",""coordinates"":[]}"
22_10_0,3569.7021927803285,1,18,2007,"{""type"":""MultiPoint"",""coordinates"":[]}"
22_10_1,47184.06514207888,2,18,2007,"{""type"":""MultiPoint"",""coordinates"":[]}"
22_11_0,3098.3444488385467,1,19,2007,"{""type"":""MultiPoint"",""coordinates"":[]}"
22_11_1,49266.638962694786,2,19,2007,"{""type"":""MultiPoint"",""coordinates"":[]}"
22_12_0,5394.833425674118,1,20,2007,"{""type"":""MultiPoint"",""coordinates"":[]}"
22_12_1,77205.71935833471,2,20,2007,"{""type"":""MultiPoint"",""coordinates"":[]}"
22_13_0,847.2306174835193,1,21,2007,"{""type"":""MultiPoint"",""coordinates"":[]}"
22_13_1,12368.882996564902,2,21,2007,"{""type"":""MultiPoint"",""coordinates"":[]}"
22_14_0,660.7013849559272,1,22,2007,"{""type"":""MultiPoint"",""coordinates"":[]}"
22_14_1,11484.776919062968,2,22,2007,"{""type"":""MultiPoint"",""coordinates"":[]}"
22_15_0,16870.568052658018,1,23,2007,"{""type"":""MultiPoint"",""coordinates"":[]}"
22_15_1,334576.6258173017,2,23,2007,"{""type"":""MultiPoint"",""coordinates"":[]}"
22_16_0,1081.2830669205289,1,24,2007,"{""type"":""MultiPoint"",""coordinates"":[]}"
22_16_1,31561.92610812442,2,24,2007,"{""type"":""MultiPoint"",""coordinates"":[]}"
23_7_0,0.0017857496337890626,2,15,2008,"{""type"":""MultiPoint"",""coordinates"":[]}"
23_8_0,4758.213018193445,1,16,2008,"{""type"":""MultiPoint"",""coordinates"":[]}"
23_8_1,114046.9527133458,2,16,2008,"{""type"":""MultiPoint"",""coordinates"":[]}"
23_9_0,11096.988496814607,1,17,2008,"{""type"":""MultiPoint"",""coordinates"":[]}"
23_9_1,137777.0534355988,2,17,2008,"{""type"":""MultiPoint"",""coordinates"":[]}"
23_10_0,3897.3420520236573,1,18,2008,"{""type"":""MultiPoint"",""coordinates"":[]}"
23_10_1,46856.42528283503,2,18,2008,"{""type"":""MultiPoint"",""coordinates"":[]}"
23_11_0,3241.351776569112,1,19,2008,"{""type"":""MultiPoint"",""coordinates"":[]}"
23_11_1,49123.63163496528,2,19,2008,"{""type"":""MultiPoint"",""coordinates"":[]}"
23_12_0,5379.1447204342385,1,20,2008,"{""type"":""MultiPoint"",""coordinates"":[]}"
23_12_1,77221.40806357388,2,20,2008,"{""type"":""MultiPoint"",""coordinates"":[]}"
23_13_0,714.5137604428697,1,21,2008,"{""type"":""MultiPoint"",""coordinates"":[]}"
23_13_1,12501.599853604836,2,21,2008,"{""type"":""MultiPoint"",""coordinates"":[]}"
23_14_0,639.8288225162306,1,22,2008,"{""type"":""MultiPoint"",""coordinates"":[]}"
23_14_1,11505.649481502853,2,22,2008,"{""type"":""MultiPoint"",""coordinates"":[]}"
23_15_0,16233.49050644968,1,23,2008,"{""type"":""MultiPoint"",""coordinates"":[]}"
23_15_1,335213.7033635111,2,23,2008,"{""type"":""MultiPoint"",""coordinates"":[]}"
23_16_0,1052.2749952470065,1,24,2008,"{""type"":""MultiPoint"",""coordinates"":[]}"
23_16_1,31590.934179798012,2,24,2008,"{""type"":""MultiPoint"",""coordinates"":[]}"
24_7_0,0.0017857496337890626,2,15,2009,"{""type"":""MultiPoint"",""coordinates"":[]}"
24_8_0,4740.75820177816,1,16,2009,"{""type"":""MultiPoint"",""coordinates"":[]}"
24_8_1,114064.40752976121,2,16,2009,"{""type"":""MultiPoint"",""coordinates"":[]}"
24_9_0,11283.00965994056,1,17,2009,"{""type"":""MultiPoint"",""coordinates"":[]}"
24_9_1,137591.0322724718,2,17,2009,"{""type"":""MultiPoint"",""coordinates"":[]}"
24_10_0,4830.522306223287,1,18,2009,"{""type"":""MultiPoint"",""coordinates"":[]}"
24_10_1,45923.24502863666,2,18,2009,"{""type"":""MultiPoint"",""coordinates"":[]}"
24_11_0,3928.8785983279336,1,19,2009,"{""type"":""MultiPoint"",""coordinates"":[]}"
24_11_1,48436.10481320598,2,19,2009,"{""type"":""MultiPoint"",""coordinates"":[]}"
24_12_0,5908.59453759743,1,20,2009,"{""type"":""MultiPoint"",""coordinates"":[]}"
24_12_1,76691.95824641066,2,20,2009,"{""type"":""MultiPoint"",""coordinates"":[]}"
24_13_0,823.7297595451635,1,21,2009,"{""type"":""MultiPoint"",""coordinates"":[]}"
24_13_1,12392.383854502721,2,21,2009,"{""type"":""MultiPoint"",""coordinates"":[]}"
24_14_0,655.9802107283318,1,22,2009,"{""type"":""MultiPoint"",""coordinates"":[]}"
24_14_1,11489.498093290797,2,22,2009,"{""type"":""MultiPoint"",""coordinates"":[]}"
24_15_0,15691.655131342728,1,23,2009,"{""type"":""MultiPoint"",""coordinates"":[]}"
24_15_1,335755.53873861727,2,23,2009,"{""type"":""MultiPoint"",""coordinates"":[]}"
24_16_0,1028.1811832898543,1,24,2009,"{""type"":""MultiPoint"",""coordinates"":[]}"
24_16_1,31615.027991755036,2,24,2009,"{""type"":""MultiPoint"",""coordinates"":[]}"
25_7_0,0.0017857496337890626,2,15,2010,"{""type"":""MultiPoint"",""coordinates"":[]}"
25_8_0,4940.95783430385,1,16,2010,"{""type"":""MultiPoint"",""coordinates"":[]}"
25_8_1,113864.20789723513,2,16,2010,"{""type"":""MultiPoint"",""coordinates"":[]}"
25_9_0,11630.135323100834,1,17,2010,"{""type"":""MultiPoint"",""coordinates"":[]}"
25_9_1,137243.90660931193,2,17,2010,"{""type"":""MultiPoint"",""coordinates"":[]}"
25_10_0,3866.0037115554123,1,18,2010,"{""type"":""MultiPoint"",""coordinates"":[]}"
25_10_1,46887.763623303654,2,18,2010,"{""type"":""MultiPoint"",""coordinates"":[]}"
25_11_0,3138.858357701124,1,19,2010,"{""type"":""MultiPoint"",""coordinates"":[]}"
25_11_1,49226.12505383171,2,19,2010,"{""type"":""MultiPoint"",""coordinates"":[]}"
25_12_0,5427.9142017745735,1,20,2010,"{""type"":""MultiPoint"",""coordinates"":[]}"
25_12_1,77172.63858223414,2,20,2010,"{""type"":""MultiPoint"",""coordinates"":[]}"
25_13_0,880.2862812636662,1,21,2010,"{""type"":""MultiPoint"",""coordinates"":[]}"
25_13_1,12335.82733278457,2,21,2010,"{""type"":""MultiPoint"",""coordinates"":[]}"
25_14_0,675.6730945673784,1,22,2010,"{""type"":""MultiPoint"",""coordinates"":[]}"
25_14_1,11469.805209451719,2,22,2010,"{""type"":""MultiPoint"",""coordinates"":[]}"
25_15_0,17713.152410163133,1,23,2010,"{""type"":""MultiPoint"",""coordinates"":[]}"
25_15_1,333734.04145979724,2,23,2010,"{""type"":""MultiPoint"",""coordinates"":[]}"
25_16_0,1062.3633877476825,1,24,2010,"{""type"":""MultiPoint"",""coordinates"":[]}"
25_16_1,31580.845787297156,2,24,2010,"{""type"":""MultiPoint"",""coordinates"":[]}"
26_7_0,0.0017857496337890626,2,15,2011,"{""type"":""MultiPoint"",""coordinates"":[]}"
26_8_0,5235.541341646928,1,16,2011,"{""type"":""MultiPoint"",""coordinates"":[]}"
26_8_1,113569.62438989176,2,16,2011,"{""type"":""MultiPoint"",""coordinates"":[]}"
26_9_0,11596.929439547817,1,17,2011,"{""type"":""MultiPoint"",""coordinates"":[]}"
26_9_1,137277.11249286527,2,17,2011,"{""type"":""MultiPoint"",""coordinates"":[]}"
26_10_0,4883.5345929992245,1,18,2011,"{""type"":""MultiPoint"",""coordinates"":[]}"
26_10_1,45870.23274186033,2,18,2011,"{""type"":""MultiPoint"",""coordinates"":[]}"
26_11_0,3444.8107138656846,1,19,2011,"{""type"":""MultiPoint"",""coordinates"":[]}"
26_11_1,48920.17269766875,2,19,2011,"{""type"":""MultiPoint"",""coordinates"":[]}"
26_12_0,5722.374869095405,1,20,2011,"{""type"":""MultiPoint"",""coordinates"":[]}"
26_12_1,76878.17791491438,2,20,2011,"{""type"":""MultiPoint"",""coordinates"":[]}"
26_13_0,1142.8583391826758,1,21,2011,"{""type"":""MultiPoint"",""coordinates"":[]}"
26_13_1,12073.255274866013,2,21,2011,"{""type"":""MultiPoint"",""coordinates"":[]}"
26_14_0,807.8189126290852,1,22,2011,"{""type"":""MultiPoint"",""coordinates"":[]}"
26_14_1,11337.65939139016,2,22,2011,"{""type"":""MultiPoint"",""coordinates"":[]}"
26_15_0,17371.685518240432,1,23,2011,"{""type"":""MultiPoint"",""coordinates"":[]}"
26_15_1,334075.50835171895,2,23,2011,"{""type"":""MultiPoint"",""coordinates"":[]}"
26_16_0,1059.6188867227813,1,24,2011,"{""type"":""MultiPoint"",""coordinates"":[]}"
26_16_1,31583.59028832206,2,24,2011,"{""type"":""MultiPoint"",""coordinates"":[]}"
27_7_0,0.0017857496337890626,2,15,2012,"{""type"":""MultiPoint"",""coordinates"":[]}"
27_8_0,5224.228710980566,1,16,2012,"{""type"":""MultiPoint"",""coordinates"":[]}"
27_8_1,113580.93702055828,2,16,2012,"{""type"":""MultiPoint"",""coordinates"":[]}"
27_9_0,10587.185431075299,1,17,2012,"{""type"":""MultiPoint"",""coordinates"":[]}"
27_9_1,138286.85650133723,2,17,2012,"{""type"":""MultiPoint"",""coordinates"":[]}"
27_10_0,3616.3047999285413,1,18,2012,"{""type"":""MultiPoint"",""coordinates"":[]}"
27_10_1,47137.462534931095,2,18,2012,"{""type"":""MultiPoint"",""coordinates"":[]}"
27_11_0,3246.4984922955077,1,19,2012,"{""type"":""MultiPoint"",""coordinates"":[]}"
27_11_1,49118.48491923939,2,19,2012,"{""type"":""MultiPoint"",""coordinates"":[]}"
27_12_0,5031.035663291575,1,20,2012,"{""type"":""MultiPoint"",""coordinates"":[]}"
27_12_1,77569.51712071657,2,20,2012,"{""type"":""MultiPoint"",""coordinates"":[]}"
27_13_0,864.7582580844048,1,21,2012,"{""type"":""MultiPoint"",""coordinates"":[]}"
27_13_1,12351.355355963613,2,21,2012,"{""type"":""MultiPoint"",""coordinates"":[]}"
27_14_0,640.6382001569781,1,22,2012,"{""type"":""MultiPoint"",""coordinates"":[]}"
27_14_1,11504.84010386203,2,22,2012,"{""type"":""MultiPoint"",""coordinates"":[]}"
27_15_0,16703.64721262757,1,23,2012,"{""type"":""MultiPoint"",""coordinates"":[]}"
27_15_1,334743.5466573325,2,23,2012,"{""type"":""MultiPoint"",""coordinates"":[]}"
27_16_0,1081.4823750101307,1,24,2012,"{""type"":""MultiPoint"",""coordinates"":[]}"
27_16_1,31561.726800034838,2,24,2012,"{""type"":""MultiPoint"",""coordinates"":[]}"
28_7_0,0.0017857496337890626,2,15,2013,"{""type"":""MultiPoint"",""coordinates"":[]}"
28_8_0,5367.6710409932,1,16,2013,"{""type"":""MultiPoint"",""coordinates"":[]}"
28_8_1,113437.49469054595,2,16,2013,"{""type"":""MultiPoint"",""coordinates"":[]}"
28_9_0,10691.767574181942,1,17,2013,"{""type"":""MultiPoint"",""coordinates"":[]}"
28_9_1,138182.27435823047,2,17,2013,"{""type"":""MultiPoint"",""coordinates"":[]}"
28_10_0,3688.4976700338098,1,18,2013,"{""type"":""MultiPoint"",""coordinates"":[]}"
28_10_1,47065.2696648259,2,18,2013,"{""type"":""MultiPoint"",""coordinates"":[]}"
28_11_0,3385.5587211046313,1,19,2013,"{""type"":""MultiPoint"",""coordinates"":[]}"
28_11_1,48979.424690429005,2,19,2013,"{""type"":""MultiPoint"",""coordinates"":[]}"
28_12_0,4952.928311896044,1,20,2013,"{""type"":""MultiPoint"",""coordinates"":[]}"
28_12_1,77647.62447211218,2,20,2013,"{""type"":""MultiPoint"",""coordinates"":[]}"
28_13_0,692.7311160272818,1,21,2013,"{""type"":""MultiPoint"",""coordinates"":[]}"
28_13_1,12523.382498020612,2,21,2013,"{""type"":""MultiPoint"",""coordinates"":[]}"
28_14_0,521.1109132015332,1,22,2013,"{""type"":""MultiPoint"",""coordinates"":[]}"
28_14_1,11624.367390817302,2,22,2013,"{""type"":""MultiPoint"",""coordinates"":[]}"
28_15_0,16850.891815958195,1,23,2013,"{""type"":""MultiPoint"",""coordinates"":[]}"
28_15_1,334596.3020540016,2,23,2013,"{""type"":""MultiPoint"",""coordinates"":[]}"
28_16_0,1092.1720074084462,1,24,2013,"{""type"":""MultiPoint"",""coordinates"":[]}"
28_16_1,31551.037167636783,2,24,2013,"{""type"":""MultiPoint"",""coordinates"":[]}"
29_7_0,0.0017857496337890626,2,15,2014,"{""type"":""MultiPoint"",""coordinates"":[]}"
29_8_0,5373.092936923864,1,16,2014,"{""type"":""MultiPoint"",""coordinates"":[]}"
29_8_1,113432.07279461577,2,16,2014,"{""type"":""MultiPoint"",""coordinates"":[]}"
29_9_0,11301.318471911032,1,17,2014,"{""type"":""MultiPoint"",""coordinates"":[]}"
29_9_1,137572.72346050118,2,17,2014,"{""type"":""MultiPoint"",""coordinates"":[]}"
29_10_0,3791.499142278597,1,18,2014,"{""type"":""MultiPoint"",""coordinates"":[]}"
29_10_1,46962.2681925814,2,18,2014,"{""type"":""MultiPoint"",""coordinates"":[]}"
29_11_0,3190.712815489958,1,19,2014,"{""type"":""MultiPoint"",""coordinates"":[]}"
29_11_1,49174.270596043585,2,19,2014,"{""type"":""MultiPoint"",""coordinates"":[]}"
29_12_0,5004.3351527329405,1,20,2014,"{""type"":""MultiPoint"",""coordinates"":[]}"
29_12_1,77596.2176312752,2,20,2014,"{""type"":""MultiPoint"",""coordinates"":[]}"
29_13_0,669.0766558487549,1,21,2014,"{""type"":""MultiPoint"",""coordinates"":[]}"
29_13_1,12547.036958198927,2,21,2014,"{""type"":""MultiPoint"",""coordinates"":[]}"
29_14_0,528.2329561012547,1,22,2014,"{""type"":""MultiPoint"",""coordinates"":[]}"
29_14_1,11617.245347917358,2,22,2014,"{""type"":""MultiPoint"",""coordinates"":[]}"
29_15_0,16021.811360571115,1,23,2014,"{""type"":""MultiPoint"",""coordinates"":[]}"
29_15_1,335425.382509389,2,23,2014,"{""type"":""MultiPoint"",""coordinates"":[]}"
29_16_0,1098.5412284235176,1,24,2014,"{""type"":""MultiPoint"",""coordinates"":[]}"
29_16_1,31544.667946621666,2,24,2014,"{""type"":""MultiPoint"",""coordinates"":[]}"
30_7_0,0.0017857496337890626,2,15,2015,"{""type"":""MultiPoint"",""coordinates"":[]}"
30_8_0,5267.0206987516085,1,16,2015,"{""type"":""MultiPoint"",""coordinates"":[]}"
30_8_1,113538.14503278647,2,16,2015,"{""type"":""MultiPoint"",""coordinates"":[]}"
30_9_0,11595.60168006237,1,17,2015,"{""type"":""MultiPoint"",""coordinates"":[]}"
30_9_1,137278.4402523495,2,17,2015,"{""type"":""MultiPoint"",""coordinates"":[]}"
30_10_0,3679.636234443194,1,18,2015,"{""type"":""MultiPoint"",""coordinates"":[]}"
30_10_1,47074.13110041616,2,18,2015,"{""type"":""MultiPoint"",""coordinates"":[]}"
30_11_0,3157.7352762694345,1,19,2015,"{""type"":""MultiPoint"",""coordinates"":[]}"
30_11_1,49207.248135264876,2,19,2015,"{""type"":""MultiPoint"",""coordinates"":[]}"
30_12_0,4967.53786234315,1,20,2015,"{""type"":""MultiPoint"",""coordinates"":[]}"
30_12_1,77633.01492166585,2,20,2015,"{""type"":""MultiPoint"",""coordinates"":[]}"
30_13_0,664.2018640037827,1,21,2015,"{""type"":""MultiPoint"",""coordinates"":[]}"
30_13_1,12551.911750043993,2,21,2015,"{""type"":""MultiPoint"",""coordinates"":[]}"
30_14_0,558.4855148431996,1,22,2015,"{""type"":""MultiPoint"",""coordinates"":[]}"
30_14_1,11586.99278917557,2,22,2015,"{""type"":""MultiPoint"",""coordinates"":[]}"
30_15_0,16452.386509115866,1,23,2015,"{""type"":""MultiPoint"",""coordinates"":[]}"
30_15_1,334994.8073608452,2,23,2015,"{""type"":""MultiPoint"",""coordinates"":[]}"
30_16_0,1107.1147741469024,1,24,2015,"{""type"":""MultiPoint"",""coordinates"":[]}"
30_16_1,31536.09440089811,2,24,2015,"{""type"":""MultiPoint"",""coordinates"":[]}"
31_7_0,0.0017857496337890626,2,15,2016,"{""type"":""MultiPoint"",""coordinates"":[]}"
31_8_0,5388.374661990929,1,16,2016,"{""type"":""MultiPoint"",""coordinates"":[]}"
31_8_1,113416.79106954778,2,16,2016,"{""type"":""MultiPoint"",""coordinates"":[]}"
31_9_0,11445.590644361642,1,17,2016,"{""type"":""MultiPoint"",""coordinates"":[]}"
31_9_1,137428.45128804957,2,17,2016,"{""type"":""MultiPoint"",""coordinates"":[]}"
31_10_0,3675.1927091489497,1,18,2016,"{""type"":""MultiPoint"",""coordinates"":[]}"
31_10_1,47078.574625710025,2,18,2016,"{""type"":""MultiPoint"",""coordinates"":[]}"
31_11_0,3102.150863016628,1,19,2016,"{""type"":""MultiPoint"",""coordinates"":[]}"
31_11_1,49262.83254851804,2,19,2016,"{""type"":""MultiPoint"",""coordinates"":[]}"
31_12_0,4918.1158441367525,1,20,2016,"{""type"":""MultiPoint"",""coordinates"":[]}"
31_12_1,77682.43693987138,2,20,2016,"{""type"":""MultiPoint"",""coordinates"":[]}"
31_13_0,624.2666487059333,1,21,2016,"{""type"":""MultiPoint"",""coordinates"":[]}"
31_13_1,12591.846965341965,2,21,2016,"{""type"":""MultiPoint"",""coordinates"":[]}"
31_14_0,550.105408034786,1,22,2016,"{""type"":""MultiPoint"",""coordinates"":[]}"
31_14_1,11595.372895983846,2,22,2016,"{""type"":""MultiPoint"",""coordinates"":[]}"
31_15_0,16403.456991578918,1,23,2016,"{""type"":""MultiPoint"",""coordinates"":[]}"
31_15_1,335043.73687838204,2,23,2016,"{""type"":""MultiPoint"",""coordinates"":[]}"
31_16_0,1116.3999796024768,1,24,2016,"{""type"":""MultiPoint"",""coordinates"":[]}"
31_16_1,31526.809195442656,2,24,2016,"{""type"":""MultiPoint"",""coordinates"":[]}"
32_7_0,0.0017857496337890626,2,15,2017,"{""type"":""MultiPoint"",""coordinates"":[]}"
32_8_0,4920.923926794776,1,16,2017,"{""type"":""MultiPoint"",""coordinates"":[]}"
32_8_1,113884.24180474442,2,16,2017,"{""type"":""MultiPoint"",""coordinates"":[]}"
32_9_0,10886.700377988509,1,17,2017,"{""type"":""MultiPoint"",""coordinates"":[]}"
32_9_1,137987.34155442426,2,17,2017,"{""type"":""MultiPoint"",""coordinates"":[]}"
32_10_0,3484.357803967422,1,18,2017,"{""type"":""MultiPoint"",""coordinates"":[]}"
32_10_1,47269.40953089105,2,18,2017,"{""type"":""MultiPoint"",""coordinates"":[]}"
32_11_0,2710.1247401455057,1,19,2017,"{""type"":""MultiPoint"",""coordinates"":[]}"
32_11_1,49654.858671389055,2,19,2017,"{""type"":""MultiPoint"",""coordinates"":[]}"
32_12_0,4562.57267601467,1,20,2017,"{""type"":""MultiPoint"",""coordinates"":[]}"
32_12_1,78037.98010799324,2,20,2017,"{""type"":""MultiPoint"",""coordinates"":[]}"
32_13_0,490.53187444586234,1,21,2017,"{""type"":""MultiPoint"",""coordinates"":[]}"
32_13_1,12725.581739601774,2,21,2017,"{""type"":""MultiPoint"",""coordinates"":[]}"
32_14_0,413.1077541699208,1,22,2017,"{""type"":""MultiPoint"",""coordinates"":[]}"
32_14_1,11732.37054984883,2,22,2017,"{""type"":""MultiPoint"",""coordinates"":[]}"
32_15_0,14159.954937057077,1,23,2017,"{""type"":""MultiPoint"",""coordinates"":[]}"
32_15_1,337287.2389329036,2,23,2017,"{""type"":""MultiPoint"",""coordinates"":[]}"
32_16_0,1067.3414656101643,1,24,2017,"{""type"":""MultiPoint"",""coordinates"":[]}"
32_16_1,31575.867709434875,2,24,2017,"{""type"":""MultiPoint"",""coordinates"":[]}"
33_7_0,0.0017857496337890626,2,15,2018,"{""type"":""MultiPoint"",""coordinates"":[]}"
33_8_0,4666.2570639880705,1,16,2018,"{""type"":""MultiPoint"",""coordinates"":[]}"
33_8_1,114138.90866755079,2,16,2018,"{""type"":""MultiPoint"",""coordinates"":[]}"
33_9_0,10763.612321938834,1,17,2018,"{""type"":""MultiPoint"",""coordinates"":[]}"
33_9_1,138110.42961047337,2,17,2018,"{""type"":""MultiPoint"",""coordinates"":[]}"
33_10_0,3518.0849298477033,1,18,2018,"{""type"":""MultiPoint"",""coordinates"":[]}"
33_10_1,47235.68240501073,2,18,2018,"{""type"":""MultiPoint"",""coordinates"":[]}"
33_11_0,2655.2812577203927,1,19,2018,"{""type"":""MultiPoint"",""coordinates"":[]}"
33_11_1,49709.702153813916,2,19,2018,"{""type"":""MultiPoint"",""coordinates"":[]}"
33_12_0,4664.227370290743,1,20,2018,"{""type"":""MultiPoint"",""coordinates"":[]}"
33_12_1,77936.325413717,2,20,2018,"{""type"":""MultiPoint"",""coordinates"":[]}"
33_13_0,465.79210992846805,1,21,2018,"{""type"":""MultiPoint"",""coordinates"":[]}"
33_13_1,12750.321504118974,2,21,2018,"{""type"":""MultiPoint"",""coordinates"":[]}"
33_14_0,406.91917554022126,1,22,2018,"{""type"":""MultiPoint"",""coordinates"":[]}"
33_14_1,11738.55912847857,2,22,2018,"{""type"":""MultiPoint"",""coordinates"":[]}"
33_15_0,13780.205348545576,1,23,2018,"{""type"":""MultiPoint"",""coordinates"":[]}"
33_15_1,337666.9885214167,2,23,2018,"{""type"":""MultiPoint"",""coordinates"":[]}"
33_16_0,1002.5668719461626,1,24,2018,"{""type"":""MultiPoint"",""coordinates"":[]}"
33_16_1,31640.64230309872,2,24,2018,"{""type"":""MultiPoint"",""coordinates"":[]}"
34_7_0,0.0017857496337890626,1,15,2019,"{""type"":""MultiPoint"",""coordinates"":[]}"
34_8_0,5548.472082607375,1,16,2019,"{""type"":""MultiPoint"",""coordinates"":[]}"
34_8_1,113256.6936489318,2,16,2019,"{""type"":""MultiPoint"",""coordinates"":[]}"
34_9_0,12230.131805898996,1,17,2019,"{""type"":""MultiPoint"",""coordinates"":[]}"
34_9_1,136643.91012651296,2,17,2019,"{""type"":""MultiPoint"",""coordinates"":[]}"
34_10_0,4303.92094513799,1,18,2019,"{""type"":""MultiPoint"",""coordinates"":[]}"
34_10_1,46449.84638972109,2,18,2019,"{""type"":""MultiPoint"",""coordinates"":[]}"
34_11_0,3510.248785027977,1,19,2019,"{""type"":""MultiPoint"",""coordinates"":[]}"
34_11_1,48854.73462650549,2,19,2019,"{""type"":""MultiPoint"",""coordinates"":[]}"
34_12_0,5636.288269353771,1,20,2019,"{""type"":""MultiPoint"",""coordinates"":[]}"
34_12_1,76964.26451465474,2,20,2019,"{""type"":""MultiPoint"",""coordinates"":[]}"
34_13_0,779.1730053996542,1,21,2019,"{""type"":""MultiPoint"",""coordinates"":[]}"
34_13_1,12436.940608648498,2,21,2019,"{""type"":""MultiPoint"",""coordinates"":[]}"
34_14_0,712.6732029536108,1,22,2019,"{""type"":""MultiPoint"",""coordinates"":[]}"
34_14_1,11432.805101065374,2,22,2019,"{""type"":""MultiPoint"",""coordinates"":[]}"
34_15_0,18093.534568571864,1,23,2019,"{""type"":""MultiPoint"",""coordinates"":[]}"
34_15_1,333353.6593013877,2,23,2019,"{""type"":""MultiPoint"",""coordinates"":[]}"
34_16_0,1243.1551700602383,1,24,2019,"{""type"":""MultiPoint"",""coordinates"":[]}"
34_16_1,31400.054004984508,2,24,2019,"{""type"":""MultiPoint"",""coordinates"":[]}"
35_7_0,0.0017857496337890626,2,15,2020,"{""type"":""MultiPoint"",""coordinates"":[]}"
35_8_0,5628.688744741769,1,16,2020,"{""type"":""MultiPoint"",""coordinates"":[]}"
35_8_1,113176.47698679677,2,16,2020,"{""type"":""MultiPoint"",""coordinates"":[]}"
35_9_0,12166.783796281079,1,17,2020,"{""type"":""MultiPoint"",""coordinates"":[]}"
35_9_1,136707.25813613136,2,17,2020,"{""type"":""MultiPoint"",""coordinates"":[]}"
35_10_0,4364.777455030813,1,18,2020,"{""type"":""MultiPoint"",""coordinates"":[]}"
35_10_1,46388.989879827495,2,18,2020,"{""type"":""MultiPoint"",""coordinates"":[]}"
35_11_0,3551.9314388278603,1,19,2020,"{""type"":""MultiPoint"",""coordinates"":[]}"
35_11_1,48813.05197270514,2,19,2020,"{""type"":""MultiPoint"",""coordinates"":[]}"
35_12_0,5806.716533142482,1,20,2020,"{""type"":""MultiPoint"",""coordinates"":[]}"
35_12_1,76793.83625086598,2,20,2020,"{""type"":""MultiPoint"",""coordinates"":[]}"
35_13_0,830.4413324376184,1,21,2020,"{""type"":""MultiPoint"",""coordinates"":[]}"
35_13_1,12385.672281610534,2,21,2020,"{""type"":""MultiPoint"",""coordinates"":[]}"
35_14_0,716.830618717521,1,22,2020,"{""type"":""MultiPoint"",""coordinates"":[]}"
35_14_1,11428.647685301557,2,22,2020,"{""type"":""MultiPoint"",""coordinates"":[]}"
35_15_0,19356.05358621528,1,23,2020,"{""type"":""MultiPoint"",""coordinates"":[]}"
35_15_1,332091.14028374245,2,23,2020,"{""type"":""MultiPoint"",""coordinates"":[]}"
35_16_0,1254.9104357017168,1,24,2020,"{""type"":""MultiPoint"",""coordinates"":[]}"
35_16_1,31388.29873934319,2,24,2020,"{""type"":""MultiPoint"",""coordinates"":[]}"
36_7_0,0.0017857496337890626,2,15,2021,"{""type"":""MultiPoint"",""coordinates"":[]}"
36_8_0,5858.326722748357,1,16,2021,"{""type"":""MultiPoint"",""coordinates"":[]}"
36_8_1,112946.83900879021,2,16,2021,"{""type"":""MultiPoint"",""coordinates"":[]}"
36_9_0,12523.675671175908,1,17,2021,"{""type"":""MultiPoint"",""coordinates"":[]}"
36_9_1,136350.36626123625,2,17,2021,"{""type"":""MultiPoint"",""coordinates"":[]}"
36_10_0,4460.543266259943,1,18,2021,"{""type"":""MultiPoint"",""coordinates"":[]}"
36_10_1,46293.224068598734,2,18,2021,"{""type"":""MultiPoint"",""coordinates"":[]}"
36_11_0,3791.052391577538,1,19,2021,"{""type"":""MultiPoint"",""coordinates"":[]}"
36_11_1,48573.93101995549,2,19,2021,"{""type"":""MultiPoint"",""coordinates"":[]}"
36_12_0,6326.8021702131855,1,20,2021,"{""type"":""MultiPoint"",""coordinates"":[]}"
36_12_1,76273.75061379648,2,20,2021,"{""type"":""MultiPoint"",""coordinates"":[]}"
36_13_0,1000.7518552145345,1,21,2021,"{""type"":""MultiPoint"",""coordinates"":[]}"
36_13_1,12215.361758833595,2,21,2021,"{""type"":""MultiPoint"",""coordinates"":[]}"
36_14_0,778.8369559933433,1,22,2021,"{""type"":""MultiPoint"",""coordinates"":[]}"
36_14_1,11366.641348025541,2,22,2021,"{""type"":""MultiPoint"",""coordinates"":[]}"
36_15_0,20414.518410308025,1,23,2021,"{""type"":""MultiPoint"",""coordinates"":[]}"
36_15_1,331032.6754596511,2,23,2021,"{""type"":""MultiPoint"",""coordinates"":[]}"
36_16_0,1337.8947252192343,1,24,2021,"{""type"":""MultiPoint"",""coordinates"":[]}"
36_16_1,31305.314449825608,2,24,2021,"{""type"":""MultiPoint"",""coordinates"":[]}"
